Date,Group Id,List/Segment,Total Recipients,Total Delivered,Total Opens,Unique Opens,Total Apple Privacy Opens,Unique Apple Privacy Opens,Open Rate,Total Clicks,Unique Clicks,Click Rate,Total Unsubscribes,Unique Unsubscribes,Spam Complaints,Bounces,Unsubscribe Rate,Bounce Rate,Spam Complaints Rate,Total Placed Order,Avg Placed Order,Unique Placed Order,Avg Unique Placed Order,Total Placed Order Value,Avg Placed Order Value,Placed Order Rate,Revenue Per Recipient (RPR),Campaign Message Channel,Region,Persona,Persona Confidence
Dec 20 2025 - Mar 20 2026,QNEfRV,US_Trigger_Marketing_Birthday_RONA_Feb2026,"7,828","7,804","5,967","4,064","4,733","3,434",52.08%,190,133,1.70%,1,1,2,24,0.01%,0.31%,0.03%,2,2.00,1,1,635.00,317.50,0.01%,0.08,Email,US,Jill,50%
Dec 20 2025 - Mar 20 2026,QYTqsR,UK_Trigger_Marketing_BounceBack_Feb2026_Control,"4,068","4,059","3,240","2,199","2,377","1,723",54.18%,387,273,6.73%,2,2,0,9,0.05%,0.22%,0.00%,4,1.00,4,1,641.88,160.47,0.10%,0.16,Email,UK,#N/A,#N/A
Dec 20 2025 - Mar 20 2026,QZLT8t,HK_SeedList,126,117,89,66,57,53,56.41%,2,2,1.71%,0,0,0,9,0.00%,7.14%,0.00%,0,0.00,0,0,0.00,0.00,0.00%,0.00,Email,HK,#N/A,#N/A
Dec 20 2025 - Mar 20 2026,R6aSTf,IT_Trigger_Marketing_Birthday_Feb2026_Reminder,334,332,279,181,206,146,54.52%,25,18,5.42%,0,0,0,2,0.00%,0.60%,0.00%,0,0.00,0,0,0.00,0.00,0.00%,0.00,Email,IT,#N/A,#N/A
Dec 20 2025 - Mar 20 2026,R8Uagg,JP_AbenoKintetsu_Retail_122325,"11,564","11,522","7,151","5,838","5,601","4,741",50.67%,174,109,0.95%,2,2,0,42,0.02%,0.36%,0.00%,1,1.00,1,1,517.00,517.00,0.01%,0.04,Email,JP,#N/A,#N/A
Dec 20 2025 - Mar 20 2026,R9K4mM,CAN_Mainline_Outlet,"47,664","47,540","27,288","19,977","22,301","16,694",42.02%,715,461,0.97%,10,10,1,124,0.02%,0.26%,0.00%,1,1.00,1,1,266.00,266.00,0.00%,0.01,Email,Other,#N/A,#N/A
Dec 20 2025 - Mar 20 2026,R9np8u,FR_Trigger_Marketing_Birthday_Feb2026_Reminder,285,283,232,145,150,104,51.24%,22,16,5.65%,0,0,0,2,0.00%,0.70%,0.00%,0,0.00,0,0,0.00,0.00,0.00%,0.00,Email,FR,#N/A,#N/A
Dec 20 2025 - Mar 20 2026,RDCrfJ,CA_Trigger_Marketing_Birthday_Feb2026_Reminder,931,929,847,528,641,433,56.84%,85,68,7.32%,0,0,0,2,0.00%,0.22%,0.00%,1,1.00,1,1,164.00,164.00,0.11%,0.18,Email,CA,#N/A,#N/A
Dec 20 2025 - Mar 20 2026,RDGta3,EU_Trigger_Marketing_BounceBack_Feb2026_Test,"1,302","1,302","1,151",767,744,535,58.91%,218,125,9.60%,0,0,0,0,0.00%,0.00%,0.00%,4,1.00,4,1,"1,422.62",355.66,0.31%,1.09,Email,EU,#N/A,#N/A
Dec 20 2025 - Mar 20 2026,REhJG2,US_Mainline_PalmBeach_15mi,"10,618","10,588","6,740","4,870","5,575","4,113",46.00%,74,58,0.55%,1,1,0,30,0.01%,0.28%,0.00%,2,1.00,2,1,750.00,375.00,0.02%,0.07,Email,US,Jill,25%
Dec 20 2025 - Mar 20 2026,RJkuB5,CA_Trigger_Marketing_Birthday_Jan2026_SelfReported,782,780,909,502,558,353,64.36%,140,85,10.90%,2,2,0,2,0.26%,0.26%,0.00%,1,1.00,1,1,372.75,372.75,0.13%,0.48,Email,CA,#N/A,#N/A
Dec 20 2025 - Mar 20 2026,RJxerC,US_Mainline_Scottsdale_15mi,"29,607","29,518","21,783","15,907","18,538","13,741",53.89%,107,91,0.31%,6,6,0,89,0.02%,0.30%,0.00%,4,1.00,4,1,577.00,144.25,0.01%,0.02,Email,US,Jill,25%
Dec 20 2025 - Mar 20 2026,RK25JT,UK_Trigger_Marketing_Birthday_Feb2026,"1,503","1,500","1,263",788,832,579,52.53%,161,81,5.40%,0,0,0,3,0.00%,0.20%,0.00%,2,1.00,2,1,488.13,244.07,0.13%,0.33,Email,UK,#N/A,#N/A
Dec 20 2025 - Mar 20 2026,RK3s3q,US_Trigger_Marketing_Birthday_Jan2026_Remaining_Reminder,"25,651","25,567","23,964","16,116","19,680","14,000",63.03%,"1,587","1,079",4.22%,5,5,0,84,0.02%,0.33%,0.00%,63,1.03,61,1,"14,961.00",237.48,0.24%,0.59,Email,US,Birthday,
Dec 20 2025 - Mar 20 2026,RMjtWx,US_Mainline_Masterlist,"318,179,883","315,145,015","197,645,423","147,480,626","170,385,449","129,698,676",46.80%,"2,237,006","1,600,834",0.51%,"92,712","92,691","14,116","3,034,868",0.03%,0.95%,0.00%,33822,1.08,"31,391",1,"9,788,581.23",289.41,0.01%,0.03,Email,US,Jill,20%
Dec 20 2025 - Mar 20 2026,RNdAfj,US_Mainline_MidAur_RTWAffinity,"460,558","443,111","291,637","210,622","244,432","180,316",47.53%,"6,569","4,962",1.12%,131,131,33,"17,447",0.03%,3.79%,0.01%,98,1.03,95,1,"39,587.45",403.95,0.02%,0.09,Email,US,Jill,25%
Dec 20 2025 - Mar 20 2026,RPxXwi,US_Mainline_PiercedHighAur_ShoeAffinity,"321,496","313,383","202,589","147,984","173,053","129,088",47.22%,"2,453","1,880",0.60%,70,70,20,"8,113",0.02%,2.52%,0.01%,20,1.11,18,1,"6,286.25",314.31,0.01%,0.02,Email,US,Jill,25%
Dec 20 2025 - Mar 20 2026,RUqTVk,US_Trigger_Marketing_Birthday_Dec2025_NonPurch_Test_Reminder,"4,573","4,496","2,957","1,948","2,089","1,482",43.33%,215,142,3.16%,4,4,2,77,0.09%,1.68%,0.04%,1,1.00,1,1,235.00,235.00,0.02%,0.05,Email,US,Birthday,
Dec 20 2025 - Mar 20 2026,RWNaVL,US_Trigger_Marketing_Birthday_Mar2026,"107,786","107,348","89,054","58,151","68,630","48,628",54.17%,"7,761","5,120",4.77%,20,20,2,438,0.02%,0.41%,0.00%,340,1.05,324,1,"77,282.35",227.30,0.30%,0.72,Email,US,Birthday,
Dec 20 2025 - Mar 20 2026,RXwNju,US_Mainline_Outlet,"4,444,798","4,386,317","2,768,959","2,082,650","2,387,299","1,832,170",47.48%,"50,564","29,792",0.68%,959,959,337,"58,481",0.02%,1.32%,0.01%,274,1.09,251,1,"68,857.55",251.30,0.01%,0.02,Email,US,Jill,25%
Dec 20 2025 - Mar 20 2026,RZCHcs,CA_Trigger_Marketing_Birthday_Jan2026_Reminder,743,741,666,427,465,320,57.63%,98,60,8.10%,0,0,0,2,0.00%,0.27%,0.00%,0,0.00,0,0,0.00,0.00,0.00%,0.00,Email,CA,#N/A,#N/A
Dec 20 2025 - Mar 20 2026,Rbm7Ga,US_Trigger_Marketing_Birthday_RONA_Mar2026,"8,307","8,269","5,885","4,187","4,782","3,587",50.64%,203,158,1.91%,0,0,0,38,0.00%,0.46%,0.00%,5,1.00,5,1,"1,326.00",265.20,0.06%,0.16,Email,US,Jill,50%
Dec 20 2025 - Mar 20 2026,Rbmshu,US_Trigger_Marketing_Birthday_Jan2026_SelfReported,"41,546","41,392","46,200","24,969","31,441","19,811",60.32%,"5,739","3,559",8.60%,9,9,3,154,0.02%,0.37%,0.01%,191,1.10,174,1,"46,443.25",243.16,0.42%,1.12,Email,US,Jill,50%
Dec 20 2025 - Mar 20 2026,RbnAHu,EU_Trigger_Marketing_BounceBack_Feb2026_Test_Reminder,"2,567","2,566","1,944","1,363","1,387","1,023",53.12%,213,148,5.77%,4,4,0,1,0.16%,0.04%,0.00%,5,1.00,5,1,"1,453.35",290.67,0.19%,0.57,Email,EU,#N/A,#N/A
Dec 20 2025 - Mar 20 2026,RbzTSC,JP_Mainline_Masterlist_02012026Redeploy,"101,389","101,291","17,017","14,901","8,726","7,897",14.71%,"2,881","2,001",1.98%,43,43,0,98,0.04%,0.10%,0.00%,9,1.00,9,1,"210,378.00","23,375.33",0.01%,2.08,Email,JP,#N/A,#N/A
Dec 20 2025 - Mar 20 2026,Rd7DU7,FR_Trigger_Marketing_Birthday_Jan2026_Reminder,283,283,217,141,147,107,49.82%,7,6,2.12%,0,0,0,0,0.00%,0.00%,0.00%,0,0.00,0,0,0.00,0.00,0.00%,0.00,Email,FR,#N/A,#N/A
Dec 20 2025 - Mar 20 2026,RdDTXB,AU_SeedList,54,54,52,33,32,27,61.11%,0,0,0.00%,0,0,0,0,0.00%,0.00%,0.00%,0,0.00,0,0,0.00,0.00,0.00%,0.00,Email,AU,#N/A,#N/A
Dec 20 2025 - Mar 20 2026,Rfw65D,US_Mainline_TotesAffinity,"423,871","422,510","240,228","188,601","198,333","159,801",44.64%,"4,450","3,464",0.82%,136,136,25,"1,361",0.03%,0.32%,0.01%,122,1.20,102,1,"42,418.90",347.70,0.02%,0.10,Email,US,Jill,25%
Dec 20 2025 - Mar 20 2026,RjsBjy,DE_Trigger_Marketing_BounceBack_Feb2026_Test_Reminder,"2,758","2,755","2,126","1,437","1,614","1,128",52.16%,220,147,5.34%,1,1,0,3,0.04%,0.11%,0.00%,7,1.00,7,1,"4,025.96",575.14,0.25%,1.46,Email,DE,#N/A,#N/A
Dec 20 2025 - Mar 20 2026,RqKEFh,US_Trigger_Marketing_Birthday_Jan2026_SelfReported_Reminder,"38,888","38,740","34,878","21,971","26,095","17,899",56.71%,"3,745","2,523",6.51%,7,7,3,148,0.02%,0.38%,0.01%,218,1.03,212,1,"47,767.10",219.12,0.55%,1.23,Email,US,Jill,50%
Dec 20 2025 - Mar 20 2026,RqsEfn,DE_Trigger_Marketing_Birthday_Feb2026_Reminder,649,648,459,322,344,254,49.69%,45,29,4.48%,0,0,0,1,0.00%,0.15%,0.00%,1,1.00,1,1,238.17,238.17,0.15%,0.37,Email,DE,#N/A,#N/A
Dec 20 2025 - Mar 20 2026,RrCKTK,20260226_NA_NonClickers,"12,134,509","12,099,150","7,900,599","5,801,094","6,825,402","5,109,992",47.95%,"110,713","86,245",0.71%,"3,016","3,014",681,"35,359",0.03%,0.29%,0.01%,1042,1.06,982,1,"408,821.57",392.34,0.01%,0.03,Email,Other,#N/A,#N/A
Dec 20 2025 - Mar 20 2026,RtSmZ4,EU_Trigger_Marketing_BounceBack_Feb2026_Control_Reminder,"2,566","2,566","1,901","1,345","1,346","1,004",52.42%,231,161,6.27%,1,1,0,0,0.04%,0.00%,0.00%,2,1.00,2,1,714.84,357.42,0.08%,0.28,Email,EU,#N/A,#N/A
Dec 20 2025 - Mar 20 2026,Rw6GDn,EU_Trigger_Marketing_BounceBack_Feb2026_Control,"1,301","1,300","1,100",733,728,534,56.39%,210,136,10.46%,0,0,0,1,0.00%,0.08%,0.00%,6,1.00,6,1,"1,671.43",278.57,0.46%,1.29,Email,EU,#N/A,#N/A
Dec 20 2025 - Mar 20 2026,RwFn6c,JP_NihombashiMitsukoshi_Retail_031526,"16,083","16,044","8,485","7,381","6,764","6,051",46.01%,220,166,1.04%,8,8,0,39,0.05%,0.24%,0.00%,0,0.00,0,0,0.00,0.00,0.00%,0.00,Email,JP,#N/A,#N/A
Dec 20 2025 - Mar 20 2026,Rxv4UE,IT_Trigger_Marketing_Birthday_Feb2026,344,340,296,192,208,146,56.47%,46,35,10.29%,0,0,0,4,0.00%,1.16%,0.00%,0,0.00,0,0,0.00,0.00,0.00%,0.00,Email,IT,#N/A,#N/A
Dec 20 2025 - Mar 20 2026,Ry4aNy,UK_Trigger_Marketing_Birthday_Feb2026_Reminder,"1,456","1,451","1,006",704,745,541,48.52%,106,49,3.38%,0,0,1,5,0.00%,0.34%,0.07%,3,1.00,3,1,"2,068.33",689.44,0.21%,1.43,Email,UK,#N/A,#N/A
Dec 20 2025 - Mar 20 2026,Rz2FSr,JP_CRM_YearEnd2,816,816,699,488,410,327,59.80%,154,87,10.66%,0,0,0,0,0.00%,0.00%,0.00%,10,1.25,8,1,"354,566.00","35,456.60",0.98%,434.52,Email,JP,#N/A,#N/A
Dec 20 2025 - Mar 20 2026,S4WwzG,US_Mainline_Mercer_15mi,"374,943","373,965","209,890","158,301","173,800","133,489",42.33%,"2,674","2,090",0.56%,88,88,13,978,0.02%,0.26%,0.00%,22,1.22,18,1,"7,759.50",352.70,0.00%,0.02,Email,US,Jill,25%
Dec 20 2025 - Mar 20 2026,S54QBE,US_Mainline_AccessoryAffinity,"2,510,931","2,501,955","1,506,979","1,147,120","1,275,382","993,281",45.85%,"29,826","22,735",0.91%,676,676,132,"8,976",0.03%,0.36%,0.01%,552,1.12,492,1,"168,017.85",304.38,0.02%,0.07,Email,US,Jill,20%
Dec 20 2025 - Mar 20 2026,S5zmFN,2026_MPSurveyList,"243,251","242,227","134,260","105,369","114,723","92,930",43.50%,840,565,0.23%,35,35,4,"1,024",0.01%,0.42%,0.00%,21,1.40,15,1,"10,046.00",478.38,0.01%,0.04,Email,Other,#N/A,#N/A
Dec 20 2025 - Mar 20 2026,S7vDjN,US_Mainline_Resellers,"2,810,678","2,769,932","1,075,057","763,199","893,946","647,617",27.55%,"70,720","19,688",0.71%,284,284,34,"40,746",0.01%,1.45%,0.00%,1144,1.32,867,1,"474,534.69",414.80,0.03%,0.17,Email,US,Others,
Dec 20 2025 - Mar 20 2026,SBPfKg,US_Trigger_Marketing_Birthday_RONA_Jan2026_Reminder,"4,240","4,222","2,997","2,101","2,403","1,758",49.76%,80,62,1.47%,0,0,1,18,0.00%,0.43%,0.02%,2,1.00,2,1,730.00,365.00,0.05%,0.17,Email,US,Jill,50%
Dec 20 2025 - Mar 20 2026,SE49gP,US_Mainline_Romy_HandbagAffinity,"92,880","92,713","67,240","48,490","53,549","39,669",52.30%,"4,426","3,428",3.70%,29,29,11,167,0.03%,0.18%,0.01%,116,1.22,95,1,"33,449.55",288.36,0.10%,0.36,Email,US,Jill,20%
Dec 20 2025 - Mar 20 2026,SGReKk,US_Mainline_Masterlist_EventHoldOutGroup - No Employees,"897,645","894,445","515,134","380,847","440,282","332,667",42.58%,"13,061","9,711",1.09%,192,192,20,"3,200",0.02%,0.36%,0.00%,378,1.06,355,1,"96,959.65",256.51,0.04%,0.11,Email,US,Others,
Dec 20 2025 - Mar 20 2026,SMmduY,DE_Trigger_Marketing_BounceBack_Feb2026_Control_Reminder,"2,724","2,719","2,131","1,460","1,617","1,161",53.70%,223,168,6.18%,1,1,0,5,0.04%,0.18%,0.00%,6,1.00,6,1,"2,476.16",412.69,0.22%,0.91,Email,DE,#N/A,#N/A
Dec 20 2025 - Mar 20 2026,SNYbpT,JP_Birthday_202602,"11,057","11,037","10,238","7,009","6,723","5,319",63.51%,"1,529",848,7.68%,3,3,0,20,0.03%,0.18%,0.00%,13,1.00,13,1,"579,595.00","44,584.23",0.12%,52.51,Email,JP,#N/A,#N/A
Dec 20 2025 - Mar 20 2026,SP7Aze,JP_Anniversary_24m_Reminder_January2026,"2,694","2,688","1,902","1,509","1,441","1,188",56.14%,78,54,2.01%,0,0,0,6,0.00%,0.22%,0.00%,1,1.00,1,1,"53,440.00","53,440.00",0.04%,19.88,Email,JP,#N/A,#N/A
Dec 20 2025 - Mar 20 2026,SUNJYR,IT_Trigger_Marketing_Birthday_Mar2026,367,364,308,208,208,163,57.14%,46,32,8.79%,0,0,0,3,0.00%,0.82%,0.00%,0,0.00,0,0,0.00,0.00,0.00%,0.00,Email,IT,#N/A,#N/A
Dec 20 2025 - Mar 20 2026,SYKujK,IT_Trigger_Marketing_BounceBack_Feb2026_Control_Reminder,"1,190","1,188",845,605,587,450,50.93%,130,85,7.16%,0,0,0,2,0.00%,0.17%,0.00%,1,1.00,1,1,214.30,214.30,0.08%,0.18,Email,IT,#N/A,#N/A
Dec 20 2025 - Mar 20 2026,SbJPij,JP_HakataHankyu_Retail_013126,"6,185","6,162","3,452","2,834","2,666","2,268",45.99%,66,47,0.76%,1,1,0,23,0.02%,0.37%,0.00%,2,1.00,2,1,793.00,396.50,0.03%,0.13,Email,JP,#N/A,#N/A
Dec 20 2025 - Mar 20 2026,SfUxrf,EU_WinterSaleLastDay_NonOpeners,"56,343","53,527","15,920","12,605","12,754","10,268",23.55%,961,716,1.34%,5,5,2,"2,816",0.01%,5.00%,0.00%,6,1.00,6,1,"1,124.43",187.41,0.01%,0.02,Email,EU,#N/A,#N/A
Dec 20 2025 - Mar 20 2026,ShTZRn,FR_Trigger_Marketing_BounceBack_Feb2026_Test,464,463,416,269,258,186,58.10%,65,44,9.50%,0,0,0,1,0.00%,0.22%,0.00%,0,0.00,0,0,0.00,0.00,0.00%,0.00,Email,FR,#N/A,#N/A
Dec 20 2025 - Mar 20 2026,SpEMF3,MO_Mainline_Masterlist,"19,813","19,582","17,176","13,303","14,806","11,757",67.94%,450,172,0.88%,16,16,0,231,0.08%,1.17%,0.00%,0,0.00,0,0,0.00,0.00,0.00%,0.00,Email,MO,#N/A,#N/A
Dec 20 2025 - Mar 20 2026,SpfirM,JP_Birthday_Reminder_202602,"10,742","10,729","7,790","6,081","5,927","4,862",56.68%,347,211,1.97%,3,3,0,13,0.03%,0.12%,0.00%,6,1.00,6,1,"249,115.00","41,519.17",0.06%,23.22,Email,JP,#N/A,#N/A
Dec 20 2025 - Mar 20 2026,SqJdip,US_Mainline_WarmWeatherStates_MillerAffinity,"998,444","995,229","677,225","490,652","575,850","425,612",49.30%,"8,751","6,724",0.68%,409,409,78,"3,215",0.04%,0.32%,0.01%,79,1.03,77,1,"19,370.15",245.19,0.01%,0.02,Email,US,Jill,25%
Dec 20 2025 - Mar 20 2026,Sqr9Hh,JP_Anniversary_12m_January2026,"2,392","2,384","1,913","1,479","1,353","1,125",62.04%,138,107,4.49%,0,0,0,8,0.00%,0.33%,0.00%,1,1.00,1,1,314.00,314.00,0.04%,0.13,Email,JP,#N/A,#N/A
Dec 20 2025 - Mar 20 2026,Sqz3sV,IT_Trigger_Marketing_Birthday_Jan2026_SelfReported,327,324,325,203,214,155,62.65%,39,26,8.03%,0,0,0,3,0.00%,0.92%,0.00%,0,0.00,0,0,0.00,0.00,0.00%,0.00,Email,IT,#N/A,#N/A
Dec 20 2025 - Mar 20 2026,SwJ4hV,US_Mainline_Miami_15mi,"51,562","51,400","33,532","24,066","27,995","20,490",46.82%,403,292,0.57%,9,9,7,162,0.02%,0.31%,0.01%,4,1.00,4,1,861.00,215.25,0.01%,0.02,Email,US,Jill,25%
Dec 20 2025 - Mar 20 2026,Sxb3jZ,JP_Mainline_Masterlist_022626EndsSoon,"242,210","241,758","135,993","111,552","110,277","92,876",46.14%,"5,323","4,052",1.68%,67,67,0,452,0.03%,0.19%,0.00%,64,1.02,63,1,"1,448,242.00","22,628.78",0.03%,5.99,Email,JP,#N/A,#N/A
Dec 20 2025 - Mar 20 2026,Sy9WzM,US_Trigger_Marketing_Birthday_Dec2025_NonPurch_Control_Reminder,"3,640","3,566","2,449","1,615","1,783","1,261",45.29%,168,111,3.11%,1,1,0,74,0.03%,2.03%,0.00%,3,1.00,3,1,566.50,188.83,0.08%,0.16,Email,US,Birthday,
Dec 20 2025 - Mar 20 2026,Sz2cvU,IT_Trigger_Marketing_BounceBack_Feb2026_Test_Reminder,"1,194","1,192",819,602,562,447,50.50%,89,56,4.70%,0,0,0,2,0.00%,0.17%,0.00%,3,1.00,3,1,"1,608.55",536.18,0.25%,1.35,Email,IT,#N/A,#N/A
Dec 20 2025 - Mar 20 2026,T6XyN3,US_Mainline_Tampa_15mi,"26,762","26,694","17,018","12,773","14,145","10,872",47.85%,396,311,1.17%,4,4,1,68,0.02%,0.25%,0.00%,4,1.00,4,1,"2,145.00",536.25,0.01%,0.08,Email,US,Jill,25%
Dec 20 2025 - Mar 20 2026,T8haNq,Theorem_JP_Tory_RTW,"13,465","13,454","10,468","8,163","7,301","6,070",60.67%,"1,334",836,6.21%,3,3,0,11,0.02%,0.08%,0.00%,5,1.00,5,1,"167,776.00","33,555.20",0.04%,12.47,Email,JP,#N/A,#N/A
Dec 20 2025 - Mar 20 2026,TAiTi5,US_Mainline_AccessorySLGAffinity,"588,234","570,924","373,237","273,204","314,781","235,073",47.85%,"7,772","5,967",1.05%,156,156,52,"17,310",0.03%,2.94%,0.01%,114,1.07,107,1,"32,861.30",288.26,0.02%,0.06,Email,US,Jill,20%
Dec 20 2025 - Mar 20 2026,TFzpnX,DE_Mainline_Masterlist,"3,226,210","3,198,553","1,763,192","1,289,021","1,414,222","1,059,899",40.30%,"71,408","52,569",1.64%,"1,854","1,854",90,"27,657",0.06%,0.86%,0.00%,639,1.04,614,1,"211,322.12",330.71,0.02%,0.07,Email,DE,#N/A,#N/A
Dec 20 2025 - Mar 20 2026,TMYi56,FR_Targeted_StHonore_Store,"24,360","24,272","18,279","13,849","15,611","12,090",57.06%,307,231,0.95%,7,7,0,88,0.03%,0.36%,0.00%,1,1.00,1,1,287.50,287.50,0.00%,0.01,Email,FR,#N/A,#N/A
Dec 20 2025 - Mar 20 2026,TMw3BM,US_Mainline_HighAur_BootsAffinity,"348,882","347,969","236,210","169,585","194,201","142,559",48.74%,"3,741","3,059",0.88%,96,96,16,913,0.03%,0.26%,0.01%,75,1.07,70,1,"26,156.07",348.75,0.02%,0.08,Email,US,Jill,25%
Dec 20 2025 - Mar 20 2026,TP9XCj,US_Mainline_Outlet_Orlando,"40,546","40,374","26,448","19,134","22,381","16,493",47.39%,338,245,0.61%,13,13,1,172,0.03%,0.42%,0.00%,7,1.00,7,1,"1,721.10",245.87,0.02%,0.04,Email,US,Jill,25%
Dec 20 2025 - Mar 20 2026,TPFFKP,US_Mainline_Manhasset_15mi,"52,170","52,046","27,018","20,192","21,225","16,164",38.80%,245,196,0.38%,4,4,3,124,0.01%,0.24%,0.01%,2,1.00,2,1,439.10,219.55,0.00%,0.01,Email,US,Jill,25%
Dec 20 2025 - Mar 20 2026,TQtMTQ,FR_Trigger_Marketing_BounceBack_Feb2026_Control_Reminder,928,928,664,454,437,321,48.92%,88,62,6.68%,0,0,0,0,0.00%,0.00%,0.00%,5,1.00,5,1,"1,660.50",332.10,0.54%,1.79,Email,FR,#N/A,#N/A
Dec 20 2025 - Mar 20 2026,TTYRb2,DE_Trigger_Marketing_Birthday_Jan2026_Reminder,583,580,493,309,353,245,53.28%,45,32,5.52%,0,0,1,3,0.00%,0.52%,0.17%,0,0.00,0,0,0.00,0.00,0.00%,0.00,Email,DE,#N/A,#N/A
Dec 20 2025 - Mar 20 2026,TVQTuM,JP_UmedaDaimaru_Retail_022826,"2,521","2,513","1,459","1,190","1,177",998,47.35%,34,26,1.04%,0,0,0,8,0.00%,0.32%,0.00%,0,0.00,0,0,0.00,0.00,0.00%,0.00,Email,JP,#N/A,#N/A
Dec 20 2025 - Mar 20 2026,TVsUqn,DE_WinterSaleLastDay_NonOpeners,"45,922","44,480","13,651","10,772","10,900","8,761",24.22%,"1,044",796,1.79%,9,9,1,"1,442",0.02%,3.14%,0.00%,13,1.08,12,1,"4,834.13",371.86,0.03%,0.11,Email,DE,#N/A,#N/A
Dec 20 2025 - Mar 20 2026,TZJsbX,JP_Anniversary_12m_February2026,"2,157","2,154","1,605","1,246","1,145",947,57.85%,121,77,3.58%,1,1,0,3,0.05%,0.14%,0.00%,2,1.00,2,1,"117,735.00","58,867.50",0.09%,54.66,Email,JP,#N/A,#N/A
Dec 20 2025 - Mar 20 2026,TaePsV,JP_Mainline_Masterlist_022826EndsTomorrow,"246,454","246,064","134,898","111,649","112,697","95,427",45.37%,"5,115","3,819",1.55%,60,60,0,390,0.02%,0.16%,0.00%,72,1.03,70,1,"2,378,385.00","33,033.13",0.03%,9.67,Email,JP,#N/A,#N/A
Dec 20 2025 - Mar 20 2026,Tb47x8,US_Mainline_HighAur_ColdWeatherStates_BootsAffinity,"403,292","383,431","248,831","182,769","209,306","156,800",47.67%,"4,115","3,025",0.79%,82,82,37,"19,861",0.02%,4.93%,0.01%,84,1.05,80,1,"25,154.55",299.46,0.02%,0.07,Email,US,Jill,25%
Dec 20 2025 - Mar 20 2026,TcEm2g,TW_Mainline_Masterlist,"199,864","198,469","158,789","125,463","130,564","106,824",63.22%,"3,329","2,297",1.16%,349,349,7,"1,395",0.18%,0.70%,0.00%,0,0.00,0,0,0.00,0.00,0.00%,0.00,Email,TW,#N/A,#N/A
Dec 20 2025 - Mar 20 2026,TfcuYV,US_Mainline_SaleAffinity_Tier3,"13,492,343","13,441,013","8,318,077","6,057,293","7,072,020","5,278,444",45.07%,"288,172","217,772",1.62%,"3,435","3,435","1,032","51,330",0.03%,0.38%,0.01%,10105,1.07,"9,468",1,"2,466,537.12",244.09,0.07%,0.18,Email,US,Jill,25%
Dec 20 2025 - Mar 20 2026,TgyfNP,US_Mainline_Sport_ExplorerAffinity,"283,487","282,576","174,604","132,795","143,866","112,607",46.99%,"3,925","2,688",0.95%,69,69,15,911,0.02%,0.32%,0.01%,96,1.19,81,1,"36,318.95",378.32,0.03%,0.13,Email,US,Jill,20%
Dec 20 2025 - Mar 20 2026,Th4RPx,US_Mainline_JewelryAffinity,"1,621,078","1,593,046","1,034,451","752,820","873,167","650,467",47.26%,"22,363","16,599",1.04%,609,609,138,"28,032",0.04%,1.73%,0.01%,282,1.12,252,1,"80,638.81",285.95,0.02%,0.05,Email,US,Jill,20%
Dec 20 2025 - Mar 20 2026,Tjy5u5,JP_YearEnd_EndsToday_202601_ECJP,8,8,11,5,2,2,62.50%,3,1,12.50%,0,0,0,0,0.00%,0.00%,0.00%,0,0.00,0,0,0.00,0.00,0.00%,0.00,Email,JP,#N/A,#N/A
Dec 20 2025 - Mar 20 2026,Tk6TPb,IT_Mainline_SaleAffinity_New,"8,799","8,763","5,321","3,936","3,947","3,050",44.92%,638,441,5.03%,7,7,0,36,0.08%,0.41%,0.00%,8,1.00,8,1,"2,318.79",289.85,0.09%,0.26,Email,IT,#N/A,#N/A
Dec 20 2025 - Mar 20 2026,TmR6k3,UK_Trigger_Marketing_BounceBack_Feb2026_Test,"4,103","4,088","3,404","2,250","2,468","1,739",55.04%,406,272,6.65%,3,3,0,15,0.07%,0.37%,0.00%,12,1.20,10,1,"3,438.34",286.53,0.24%,0.84,Email,UK,#N/A,#N/A
Dec 20 2025 - Mar 20 2026,Tp4ZRu,UK_Trigger_Marketing_Birthday_Dec2025_Reminder,"1,620","1,608","1,239",823,931,658,51.18%,94,47,2.92%,0,0,0,12,0.00%,0.74%,0.00%,1,1.00,1,1,95.83,95.83,0.06%,0.06,Email,UK,#N/A,#N/A
Dec 20 2025 - Mar 20 2026,TqLmVn,AU_Mainline_Masterlist,"227,385","226,490","189,104","138,358","153,554","115,516",61.09%,"6,784","4,965",2.19%,387,387,36,895,0.17%,0.39%,0.02%,2,1.00,2,1,428.00,214.00,0.00%,0.00,Email,AU,#N/A,#N/A
Dec 20 2025 - Mar 20 2026,TtTRcL,JP_UmedaHankyuBag_Retail_013126,"16,189","16,154","9,710","7,888","7,540","6,356",48.83%,179,142,0.88%,10,10,0,35,0.06%,0.22%,0.00%,0,0.00,0,0,0.00,0.00,0.00%,0.00,Email,JP,#N/A,#N/A
Dec 20 2025 - Mar 20 2026,Tvf8AV,EU_Mainline_Masterlist,"3,960,876","3,911,175","2,118,404","1,567,461","1,627,179","1,237,823",40.08%,"81,683","58,264",1.49%,"2,763","2,763",296,"49,701",0.07%,1.26%,0.01%,459,1.05,439,1,"137,754.76",300.12,0.01%,0.04,Email,EU,#N/A,#N/A
Dec 20 2025 - Mar 20 2026,TwL3we,CA_Trigger_Marketing_Birthday_Mar2026,"1,065","1,061","1,098",643,733,494,60.60%,185,120,11.31%,0,0,0,4,0.00%,0.38%,0.00%,2,2.00,1,1,495.00,247.50,0.09%,0.47,Email,CA,#N/A,#N/A
Dec 20 2025 - Mar 20 2026,Tyk2Db,UK_Trigger_Marketing_BounceBack_Feb2026_Test_Reminder,"8,050","8,040","5,810","4,082","4,559","3,321",50.77%,424,298,3.71%,7,7,0,10,0.09%,0.12%,0.00%,5,1.25,4,1,"1,096.67",219.33,0.05%,0.14,Email,UK,#N/A,#N/A
Dec 20 2025 - Mar 20 2026,Tyqt64,CAN_Mainline_Masterlist,"281,828","281,147","175,946","128,106","145,503","108,516",45.57%,"5,868","4,378",1.56%,74,74,11,681,0.03%,0.24%,0.00%,26,1.18,22,1,"5,239.00",201.50,0.01%,0.02,Email,Other,#N/A,#N/A
Dec 20 2025 - Mar 20 2026,Tyxm8Y,IT_Trigger_Marketing_BounceBack_Feb2026_Test,608,606,466,326,308,227,53.80%,110,65,10.73%,0,0,0,2,0.00%,0.33%,0.00%,2,1.00,2,1,739.99,369.99,0.33%,1.22,Email,IT,#N/A,#N/A
Dec 20 2025 - Mar 20 2026,U293VF,US_Mainline_HighAur_HandbagAffinity,"601,277","586,448","373,723","272,824","306,554","228,647",46.52%,"8,588","6,006",1.02%,172,172,38,"14,829",0.03%,2.47%,0.01%,147,1.14,129,1,"40,680.90",276.74,0.02%,0.07,Email,US,Jill,25%
Dec 20 2025 - Mar 20 2026,U5fqVj,US_Mainline_RodeoDrive_15mi,"107,912","107,630","76,707","56,553","65,862","49,549",52.54%,"1,346",604,0.56%,26,26,4,282,0.02%,0.26%,0.00%,9,1.00,9,1,"2,626.30",291.81,0.01%,0.02,Email,US,Jill,25%
Dec 20 2025 - Mar 20 2026,U6wE4b,JP_UmedaDaimaru_EC_022826,"11,951","11,944","6,824","5,723","5,282","4,550",47.92%,137,118,0.99%,3,3,0,7,0.03%,0.06%,0.00%,4,1.00,4,1,"115,245.00","28,811.25",0.03%,9.65,Email,JP,#N/A,#N/A
Dec 20 2025 - Mar 20 2026,U7k8GX,JP_AbenoKintetsu_EC_122325,"9,936","9,927","5,632","4,559","3,829","3,258",45.93%,325,232,2.34%,2,2,0,9,0.02%,0.09%,0.00%,4,1.00,4,1,"49,999.00","12,499.75",0.04%,5.04,Email,JP,#N/A,#N/A
Dec 20 2025 - Mar 20 2026,U7wqWc,US_Mainline_SanJuan_15mi,"26,142","26,054","18,015","13,090","15,386","11,417",50.24%,493,377,1.45%,6,6,2,88,0.02%,0.34%,0.01%,0,0.00,0,0,0.00,0.00,0.00%,0.00,Email,US,Jill,25%
Dec 20 2025 - Mar 20 2026,U8K6SG,JP_Mainline_Masterlist_01232026Redeploy,"92,549","92,411","8,938","8,129","3,673","3,450",8.80%,376,270,0.29%,10,10,0,138,0.01%,0.15%,0.00%,0,0.00,0,0,0.00,0.00,0.00%,0.00,Email,JP,#N/A,#N/A
Dec 20 2025 - Mar 20 2026,U9vKNJ,EU_Trigger_Marketing_Birthday_Feb2026,498,497,501,282,313,213,56.74%,66,40,8.05%,0,0,0,1,0.00%,0.20%,0.00%,2,1.00,2,1,458.33,229.17,0.40%,0.92,Email,EU,#N/A,#N/A
Dec 20 2025 - Mar 20 2026,UAte5v,JP_HiroshimaFukuya_EC_012026,"5,346","5,340","3,971","3,231","3,084","2,605",60.51%,136,112,2.10%,0,0,0,6,0.00%,0.11%,0.00%,3,1.00,3,1,"64,336.00","21,445.33",0.06%,12.05,Email,JP,#N/A,#N/A
Dec 20 2025 - Mar 20 2026,UCn88v,UK_Trigger_Marketing_Birthday_Mar2026,"1,383","1,379","1,129",746,861,597,54.10%,96,61,4.42%,0,0,1,4,0.00%,0.29%,0.07%,2,1.00,2,1,584.38,292.19,0.15%,0.42,Email,UK,#N/A,#N/A
Dec 20 2025 - Mar 20 2026,UDAL7f,US_Trigger_Marketing_Birthday_February2026,"98,112","97,774","88,814","54,454","65,865","44,637",55.69%,"7,748","4,919",5.03%,15,15,5,338,0.02%,0.35%,0.01%,225,1.03,219,1,"57,505.05",255.58,0.22%,0.59,Email,US,Birthday,
Dec 20 2025 - Mar 20 2026,UHRfB5,EU_Mainline_SaleAffinity_New,"17,411","17,342","11,666","8,368","8,361","6,244",48.25%,"1,236",938,5.41%,7,7,1,69,0.04%,0.40%,0.01%,18,1.00,18,1,"4,812.20",267.34,0.10%,0.28,Email,EU,#N/A,#N/A
Dec 20 2025 - Mar 20 2026,UJiX9p,UK_Trigger_Marketing_Birthday_Jan2026_SelfReported,"1,470","1,465","1,338",828,953,646,56.52%,129,85,5.80%,1,1,0,5,0.07%,0.34%,0.00%,1,1.00,1,1,170.84,170.84,0.07%,0.12,Email,UK,#N/A,#N/A
Dec 20 2025 - Mar 20 2026,UJqs8f,FR_Trigger_Marketing_BounceBack_Feb2026_Control,473,473,394,242,237,168,51.16%,80,46,9.73%,0,0,0,0,0.00%,0.00%,0.00%,2,1.00,2,1,495.42,247.71,0.42%,1.05,Email,FR,#N/A,#N/A
Dec 20 2025 - Mar 20 2026,UNjpA8,US_Mainline_HighAur_RTWAffinity,"7,536,496","7,514,614","4,522,831","3,389,776","3,779,594","2,901,068",45.11%,"92,495","68,698",0.91%,"2,076","2,076",369,"21,882",0.03%,0.29%,0.01%,1779,1.12,"1,584",1,"816,819.82",459.15,0.02%,0.11,Email,US,Jill,25%
Dec 20 2025 - Mar 20 2026,UWhFV8,JP_Birthday_202603,"11,994","11,975","9,769","7,333","6,934","5,734",61.24%,"1,180",742,6.20%,8,8,0,19,0.07%,0.16%,0.00%,10,1.00,10,1,"292,729.00","29,272.90",0.08%,24.45,Email,JP,#N/A,#N/A
Dec 20 2025 - Mar 20 2026,UWpySK,JP_Seedlist,"3,260","3,259","4,199","1,979",783,697,60.72%,"1,357",265,8.13%,0,0,0,1,0.00%,0.03%,0.00%,4,1.33,3,1,"81,766.00","20,441.50",0.09%,25.09,Email,JP,#N/A,#N/A
Dec 20 2025 - Mar 20 2026,UYy8La,CA_Trigger_Marketing_Birthday_Dec2025_Reminder,"1,034","1,026",935,586,664,474,57.12%,94,72,7.02%,0,0,0,8,0.00%,0.77%,0.00%,1,1.00,1,1,164.00,164.00,0.10%,0.16,Email,CA,#N/A,#N/A
Dec 20 2025 - Mar 20 2026,UZb2iG,JP_Anniversary_36m_February2026,"1,726","1,725","1,437","1,090","1,035",842,63.19%,110,66,3.83%,0,0,0,1,0.00%,0.06%,0.00%,0,0.00,0,0,0.00,0.00,0.00%,0.00,Email,JP,#N/A,#N/A
Dec 20 2025 - Mar 20 2026,UacE9a,US_Mainline_WatchAffinity,"699,909","697,585","456,084","333,779","386,905","289,330",47.85%,"5,910","4,348",0.62%,216,216,28,"2,324",0.03%,0.33%,0.00%,94,1.06,89,1,"27,652.09",294.17,0.01%,0.04,Email,US,Jill,20%
Dec 20 2025 - Mar 20 2026,Uae7kV,US_Mainline_Orlando_15mi,"20,579","20,523","12,202","9,268","10,111","7,823",45.16%,211,169,0.82%,5,5,2,56,0.02%,0.27%,0.01%,2,1.00,2,1,961.00,480.50,0.01%,0.05,Email,US,Jill,25%
Dec 20 2025 - Mar 20 2026,UarbQw,JP_Mainline_Masterlist,"13,144,447","13,111,382","7,491,566","6,123,835","6,063,923","5,105,939",46.71%,"209,640","153,409",1.17%,"3,850","3,850",56,"33,065",0.03%,0.25%,0.00%,1401,1.03,"1,359",1,"32,177,947.00","22,967.84",0.01%,2.45,Email,JP,#N/A,#N/A
Dec 20 2025 - Mar 20 2026,Ubpjb5,BBEndsSoon_NonPurchasers,"137,229","136,954","98,759","69,430","78,187","57,669",50.70%,"7,047","4,928",3.60%,56,56,10,275,0.04%,0.20%,0.01%,364,1.10,331,1,"94,674.40",260.09,0.24%,0.69,Email,Other,#N/A,#N/A
Dec 20 2025 - Mar 20 2026,UeL5Ea,US_Trigger_Marketing_Birthday_Dec2025_Purch_Control_Reminder,"50,633","50,415","39,184","26,299","31,160","22,340",52.17%,"2,469","1,614",3.20%,9,9,3,218,0.02%,0.43%,0.01%,101,1.06,95,1,"22,159.00",219.40,0.19%,0.44,Email,US,Birthday,
Dec 20 2025 - Mar 20 2026,UgSZYe,US_Mainline_FragranceGiftingAffinity,"937,978","935,202","592,738","431,900","501,604","373,314",46.18%,"5,547","3,999",0.43%,271,271,111,"2,776",0.03%,0.30%,0.01%,132,1.11,119,1,"32,556.90",246.64,0.01%,0.03,Email,US,Jill,25%
Dec 20 2025 - Mar 20 2026,UhzLqN,DE_Trigger_Marketing_Birthday_Feb2026,674,671,549,359,402,277,53.50%,46,34,5.07%,1,1,0,3,0.15%,0.45%,0.00%,1,1.00,1,1,225.00,225.00,0.15%,0.34,Email,DE,#N/A,#N/A
Dec 20 2025 - Mar 20 2026,UjfCVX,IT_Trigger_Marketing_Birthday_Jan2026_Reminder,313,312,282,191,191,143,61.22%,28,23,7.37%,0,0,0,1,0.00%,0.32%,0.00%,0,0.00,0,0,0.00,0.00,0.00%,0.00,Email,IT,#N/A,#N/A
Dec 20 2025 - Mar 20 2026,UribNX,FR_WinterSaleEnds_NonOpeners,"39,057","37,213","10,736","8,394","8,553","6,777",22.56%,647,474,1.27%,4,4,4,"1,844",0.01%,4.72%,0.01%,4,1.33,3,1,820.84,205.21,0.01%,0.02,Email,FR,#N/A,#N/A
Dec 20 2025 - Mar 20 2026,UtAWWT,JP_Anniversary_24m_Reminder_February2026,"1,829","1,828","1,361","1,076","1,077",871,58.86%,32,26,1.42%,0,0,0,1,0.00%,0.06%,0.00%,2,1.00,2,1,"23,094.00","11,547.00",0.11%,12.63,Email,JP,#N/A,#N/A
Dec 20 2025 - Mar 20 2026,UtkaZm,DE_Trigger_Marketing_BounceBack_Feb2026_Control,"1,393","1,391","1,203",799,883,624,57.44%,223,149,10.71%,0,0,0,2,0.00%,0.14%,0.00%,9,1.00,9,1,"3,991.59",443.51,0.65%,2.87,Email,DE,#N/A,#N/A
Dec 20 2025 - Mar 20 2026,V2V8VA,US_Trigger_Marketing_Birthday_RONA_Dec2025_Reminder,"7,980","7,946","5,605","4,003","4,622","3,419",50.38%,146,95,1.20%,2,2,1,34,0.03%,0.43%,0.01%,3,1.00,3,1,346.00,115.33,0.04%,0.04,Email,US,Jill,50%
Dec 20 2025 - Mar 20 2026,V7VZmJ,IT_Mainline_Masterlist,"1,541,407","1,524,901","781,893","594,458","594,096","467,222",38.98%,"45,785","32,933",2.16%,806,806,62,"16,506",0.05%,1.07%,0.00%,228,1.01,225,1,"53,971.81",236.72,0.01%,0.04,Email,IT,#N/A,#N/A
Dec 20 2025 - Mar 20 2026,V9XgFb,US_Mainline_AccessorySunglassAffinity,"304,639","303,627","200,331","147,229","167,814","126,062",48.49%,"3,789","2,740",0.90%,98,98,21,"1,012",0.03%,0.33%,0.01%,105,1.24,85,1,"29,159.25",277.71,0.03%,0.10,Email,US,Jill,20%
Dec 20 2025 - Mar 20 2026,V9bz9S,Theorem_JP_High_Engagement,"37,815","37,787","29,834","23,699","21,253","17,842",62.72%,"2,211","1,505",3.98%,15,15,0,28,0.04%,0.07%,0.00%,8,1.00,8,1,"123,814.00","15,476.75",0.02%,3.28,Email,JP,#N/A,#N/A
Dec 20 2025 - Mar 20 2026,V9eAAb,US_Mainline_Jewelry_LowAur_Affinity,"341,195","340,479","243,899","177,089","199,412","148,181",52.01%,"7,790","6,006",1.76%,165,165,40,716,0.05%,0.21%,0.01%,51,1.06,48,1,"11,587.05",227.20,0.01%,0.03,Email,US,Jill,25%
Dec 20 2025 - Mar 20 2026,V9ysmn,UK_Trigger_Marketing_Birthday_Jan2026_Reminder,"1,414","1,411","1,109",740,828,593,52.45%,99,58,4.11%,2,2,1,3,0.14%,0.21%,0.07%,2,1.00,2,1,467.50,233.75,0.14%,0.33,Email,UK,#N/A,#N/A
Dec 20 2025 - Mar 20 2026,VAJGcv,FR_Trigger_Marketing_Birthday_Mar2026,296,294,249,151,171,121,51.36%,29,18,6.12%,0,0,0,2,0.00%,0.68%,0.00%,0,0.00,0,0,0.00,0.00,0.00%,0.00,Email,FR,#N/A,#N/A
Dec 20 2025 - Mar 20 2026,VALhxe,JP_Anniversary_24m_March2026,"1,713","1,711","1,313","1,067","1,019",859,62.36%,64,52,3.04%,0,0,0,2,0.00%,0.12%,0.00%,1,1.00,1,1,"20,040.00","20,040.00",0.06%,11.71,Email,JP,#N/A,#N/A
Dec 20 2025 - Mar 20 2026,VC2hw7,US_Mainline_Aventura_15mi,"103,932","103,609","66,505","48,328","55,442","41,108",46.65%,966,789,0.76%,30,30,4,323,0.03%,0.31%,0.00%,15,1.07,14,1,"4,258.10",283.87,0.01%,0.04,Email,US,Jill,25%
Dec 20 2025 - Mar 20 2026,VDN2U5,IT_WinterSaleEnds_NonOpeners,"31,091","30,015","8,779","7,100","6,762","5,604",23.66%,593,447,1.49%,5,5,4,"1,076",0.02%,3.46%,0.01%,1,1.00,1,1,90.00,90.00,0.00%,0.00,Email,IT,#N/A,#N/A
Dec 20 2025 - Mar 20 2026,VDgz6H,UK_Targeted_Westfield_Store,"155,167","154,634","112,496","82,909","95,025","71,566",53.62%,"1,484","1,192",0.77%,61,61,4,533,0.04%,0.34%,0.00%,7,1.00,7,1,"2,142.54",306.08,0.00%,0.01,Email,UK,#N/A,#N/A
Dec 20 2025 - Mar 20 2026,VFu5vJ,US_Mainline_SaleAffinity_Tier2,"2,239,981","2,234,663","1,431,601","1,044,516","1,186,315","890,623",46.74%,"79,610","59,062",2.64%,358,358,103,"5,318",0.02%,0.24%,0.01%,2980,1.04,"2,856",1,"758,649.01",254.58,0.13%,0.34,Email,US,Jill,25%
Dec 20 2025 - Mar 20 2026,VL6TLq,JP_Birthday_202601,"55,945","55,850","42,960","32,319","32,430","25,962",57.87%,"2,299","1,403",2.51%,17,17,0,95,0.03%,0.17%,0.00%,17,1.06,16,1,"595,707.00","35,041.59",0.03%,10.67,Email,JP,#N/A,#N/A
Dec 20 2025 - Mar 20 2026,VLAsVD,DE_Trigger_Marketing_Birthday_Mar2026,564,563,491,304,367,243,54.00%,69,40,7.11%,0,0,0,1,0.00%,0.18%,0.00%,2,1.00,2,1,700.69,350.35,0.36%,1.24,Email,DE,#N/A,#N/A
Dec 20 2025 - Mar 20 2026,VMkP3b,JP_Mainline_Masterlist_01182026Redeploy,"197,945","197,723","90,456","75,322","74,494","63,597",38.10%,"5,556","3,841",1.94%,114,114,1,222,0.06%,0.11%,0.00%,20,1.00,20,1,"497,920.00","24,896.00",0.01%,2.52,Email,JP,#N/A,#N/A
Dec 20 2025 - Mar 20 2026,VNMUpa,US_Mainline_ShortHills_15mi,"29,318","29,252","16,902","12,445","13,470","10,124",42.54%,156,124,0.42%,8,8,1,66,0.03%,0.23%,0.00%,5,1.25,4,1,"1,201.15",240.23,0.01%,0.04,Email,US,Jill,25%
Dec 20 2025 - Mar 20 2026,VRAQpQ,FR_Mainline_SaleAffinity_New,"16,425","16,347","8,883","6,538","6,588","5,031",40.00%,646,472,2.89%,7,7,0,78,0.04%,0.48%,0.00%,7,1.00,7,1,"1,672.16",238.88,0.04%,0.10,Email,FR,#N/A,#N/A
Dec 20 2025 - Mar 20 2026,VZSaLB,JP_Anniversary_24m_January2026,"2,787","2,779","2,212","1,644","1,564","1,260",59.16%,198,116,4.17%,2,2,0,8,0.07%,0.29%,0.00%,4,1.00,4,1,"88,213.00","22,053.25",0.14%,31.74,Email,JP,#N/A,#N/A
Dec 20 2025 - Mar 20 2026,Va9XTz,IT_Trigger_Marketing_BounceBack_Feb2026_Control,605,604,489,335,316,237,55.46%,141,78,12.91%,0,0,0,1,0.00%,0.17%,0.00%,3,1.00,3,1,"1,329.30",443.10,0.50%,2.20,Email,IT,#N/A,#N/A
Dec 20 2025 - Mar 20 2026,VaJiRi,JP_Bounceback_20260309_ECJP_EndsToday,"137,096","136,982","81,865","69,837","68,206","59,790",50.98%,"1,942","1,299",0.95%,25,25,1,114,0.02%,0.08%,0.00%,22,1.05,21,1,"976,310.00","44,377.73",0.02%,7.13,Email,JP,#N/A,#N/A
Dec 20 2025 - Mar 20 2026,VaqZAT,UK_WinterSaleLastDay_NonOpeners,"168,522","158,252","52,962","40,130","44,511","34,363",25.36%,"2,847","1,963",1.24%,19,19,13,"10,270",0.01%,6.09%,0.01%,21,1.05,20,1,"5,945.84",283.14,0.01%,0.04,Email,UK,#N/A,#N/A
Dec 20 2025 - Mar 20 2026,VbXfWJ,JP_Anniversary_36m_Reminder_February2026,"1,691","1,688","1,264",981,"1,012",807,58.12%,44,29,1.72%,0,0,0,3,0.00%,0.18%,0.00%,1,1.00,1,1,592.00,592.00,0.06%,0.35,Email,JP,#N/A,#N/A
Dec 20 2025 - Mar 20 2026,Vbe2wa,JP_HiroshimaFukuya_Retail_012026,"1,504","1,490","1,012",819,744,636,54.97%,70,51,3.42%,0,0,0,14,0.00%,0.93%,0.00%,0,0.00,0,0,0.00,0.00,0.00%,0.00,Email,JP,#N/A,#N/A
Dec 20 2025 - Mar 20 2026,Vc2QdK,CA_Trigger_Marketing_Birthday_Feb2026,963,958,969,562,681,447,58.66%,133,89,9.29%,0,0,0,5,0.00%,0.52%,0.00%,1,1.00,1,1,247.00,247.00,0.10%,0.26,Email,CA,#N/A,#N/A
Dec 20 2025 - Mar 20 2026,VgVZs5,DE_Trigger_Marketing_Birthday_Jan2026_SelfReported,610,607,585,349,373,264,57.50%,57,42,6.92%,0,0,0,3,0.00%,0.49%,0.00%,2,1.00,2,1,683.43,341.71,0.33%,1.13,Email,DE,#N/A,#N/A
Dec 20 2025 - Mar 20 2026,VjMaby,FR_Trigger_Marketing_Birthday_Dec2025_Reminder,318,315,253,159,161,107,50.48%,14,7,2.22%,0,0,0,3,0.00%,0.94%,0.00%,0,0.00,0,0,0.00,0.00,0.00%,0.00,Email,FR,#N/A,#N/A
Dec 20 2025 - Mar 20 2026,VmCgm2,US_Mainline_WarmWeatherStates_SandalsAffinity,"2,737,171","2,621,746","1,769,529","1,286,773","1,487,152","1,104,367",49.08%,"26,764","20,355",0.78%,"1,198","1,198",174,"115,425",0.05%,4.22%,0.01%,279,1.08,259,1,"73,055.05",261.85,0.01%,0.03,Email,US,Jill,25%
Dec 20 2025 - Mar 20 2026,VnpaqW,US_Trigger_Marketing_Birthday_Dec2025_Purch_Test_Reminder,"53,590","53,379","41,762","28,169","32,846","23,453",52.77%,"2,242","1,592",2.98%,18,18,5,211,0.03%,0.39%,0.01%,68,1.08,63,1,"19,805.65",291.26,0.12%,0.37,Email,US,Birthday,
Dec 20 2025 - Mar 20 2026,Vt4aCE,FR_Trigger_Marketing_BounceBack_Feb2026_Test_Reminder,918,918,771,515,498,363,56.10%,92,70,7.63%,1,1,0,0,0.11%,0.00%,0.00%,3,1.00,3,1,"1,187.92",395.97,0.33%,1.29,Email,FR,#N/A,#N/A
Dec 20 2025 - Mar 20 2026,Vt78Fi,20260218_Feb EA PS - US ONLY,"447,221","446,082","324,222","227,824","261,496","190,979",51.07%,"43,070","30,538",6.85%,49,49,17,"1,139",0.01%,0.26%,0.00%,2646,1.13,"2,350",1,"786,779.41",297.35,0.53%,1.76,Email,US,Others,
Dec 20 2025 - Mar 20 2026,VvZgqs,EU_Trigger_Marketing_Birthday_Jan2026_SelfReported,550,548,646,344,383,252,62.77%,84,47,8.58%,0,0,0,2,0.00%,0.36%,0.00%,5,1.00,5,1,"1,760.94",352.19,0.91%,3.21,Email,EU,#N/A,#N/A
Dec 20 2025 - Mar 20 2026,W2tqNX,JP_Anniversary_36m_January2026,330,328,301,219,208,166,66.77%,37,23,7.01%,0,0,0,2,0.00%,0.61%,0.00%,1,1.00,1,1,"31,500.00","31,500.00",0.30%,96.04,Email,JP,#N/A,#N/A
Dec 20 2025 - Mar 20 2026,W3DvXt,JP_Birthday_Reminder_202512,"11,368","11,352","8,203","6,552","6,483","5,394",57.72%,252,163,1.44%,0,0,1,16,0.00%,0.14%,0.01%,6,1.00,6,1,"163,276.00","27,212.67",0.05%,14.38,Email,JP,#N/A,#N/A
Dec 20 2025 - Mar 20 2026,W3Zjgm,US_Mainline_LVForum_30mi,"43,810","43,702","30,206","22,446","25,476","19,197",51.36%,396,324,0.74%,15,15,4,108,0.03%,0.25%,0.01%,4,1.33,3,1,664.00,166.00,0.01%,0.02,Email,US,Jill,25%
Dec 20 2025 - Mar 20 2026,W3aZUz,JP_Anniversary_12m_Reminder_December2025,"2,597","2,590","1,841","1,480","1,475","1,231",57.14%,21,18,0.70%,1,1,0,7,0.04%,0.27%,0.00%,0,0.00,0,0,0.00,0.00,0.00%,0.00,Email,JP,#N/A,#N/A
Dec 20 2025 - Mar 20 2026,W4dqQ4,US_Mainline_Galleria_15mi,"31,579","31,493","17,364","13,309","13,925","10,863",42.26%,331,279,0.89%,6,6,1,86,0.02%,0.27%,0.00%,4,1.00,4,1,868.00,217.00,0.01%,0.03,Email,US,Jill,25%
Dec 20 2025 - Mar 20 2026,W4g65p,JP_Anniversary_36m_Reminder_January2026,317,316,241,191,182,157,60.44%,25,16,5.06%,0,0,0,1,0.00%,0.32%,0.00%,0,0.00,0,0,0.00,0.00,0.00%,0.00,Email,JP,#N/A,#N/A
Dec 20 2025 - Mar 20 2026,W4ppQA,JP_Bounceback_20260306_ECJP,"158,208","157,989","85,134","70,759","70,352","60,312",44.79%,"4,026","2,515",1.59%,25,25,0,219,0.02%,0.14%,0.00%,53,1.00,53,1,"2,342,594.00","44,199.89",0.03%,14.83,Email,JP,#N/A,#N/A
Dec 20 2025 - Mar 20 2026,W7qbHG,US_Mainline_RTWAffinity,"386,169","373,587","223,666","158,481","183,388","133,543",42.42%,"7,770","5,434",1.46%,73,73,25,"12,582",0.02%,3.26%,0.01%,141,1.08,130,1,"58,409.60",414.25,0.03%,0.16,Email,US,Jill,20%
Dec 20 2025 - Mar 20 2026,W9S5FS,EU_SeedList,"1,739","1,739","1,167",805,405,390,46.29%,88,43,2.47%,0,0,0,0,0.00%,0.00%,0.00%,0,0.00,0,0,0.00,0.00,0.00%,0.00,Email,EU,#N/A,#N/A
Dec 20 2025 - Mar 20 2026,W9fdzF,DE_Trigger_Marketing_Birthday_Dec2025_Reminder,592,589,469,311,347,242,52.80%,47,29,4.92%,0,0,0,3,0.00%,0.51%,0.00%,0,0.00,0,0,0.00,0.00,0.00%,0.00,Email,DE,#N/A,#N/A
Dec 20 2025 - Mar 20 2026,W9khFB,US_Mainline_HandbagAffinity,"2,192,173","2,185,056","1,311,914","976,841","1,115,519","848,177",44.71%,"24,849","19,216",0.88%,580,579,109,"7,117",0.03%,0.33%,0.01%,329,1.08,306,1,"110,335.45",335.37,0.01%,0.05,Email,US,Jill,20%
Dec 20 2025 - Mar 20 2026,WAhEFs,UK_Mainline_Masterlist,"11,461,829","11,273,008","6,153,138","4,482,554","5,083,538","3,795,078",39.76%,"142,783","89,368",0.79%,"5,641","5,641","1,071","188,821",0.05%,1.65%,0.01%,1024,1.05,975,1,"254,500.84",248.54,0.01%,0.02,Email,UK,#N/A,#N/A
Dec 20 2025 - Mar 20 2026,WMmwUw,US_Mainline_HeelsAffinity,"1,484,037","1,479,801","944,785","696,231","794,065","597,808",47.05%,"16,466","12,353",0.84%,452,452,154,"4,236",0.03%,0.29%,0.01%,392,1.14,345,1,"130,773.40",333.61,0.02%,0.09,Email,US,Jill,20%
Dec 20 2025 - Mar 20 2026,WR7wpj,JP_NihombashiMitsukoshi_EC_031526,"25,174","25,151","11,524","9,760","7,826","6,955",38.81%,667,510,2.03%,8,8,0,23,0.03%,0.09%,0.00%,3,1.00,3,1,"115,874.00","38,624.67",0.01%,4.61,Email,JP,#N/A,#N/A
Dec 20 2025 - Mar 20 2026,WR8kWk,DE_Trigger_Marketing_BounceBack_Feb2026_Test,"1,416","1,414","1,325",824,939,625,58.27%,218,155,10.96%,0,0,0,2,0.00%,0.14%,0.00%,7,1.00,7,1,"2,492.12",356.02,0.50%,1.76,Email,DE,#N/A,#N/A
Dec 20 2025 - Mar 20 2026,WSbhDh,JP_Mainline_Masterlist_020626Reminder,"243,559","239,663","144,376","115,048","114,127","94,219",48.00%,"9,875","7,141",2.98%,45,45,0,"3,896",0.02%,1.60%,0.00%,23,1.00,23,1,"675,937.00","29,388.57",0.01%,2.82,Email,JP,#N/A,#N/A
Dec 20 2025 - Mar 20 2026,WTSKXR,US_Leadership,8,8,46,7,31,7,87.50%,3,2,25.00%,0,0,0,0,0.00%,0.00%,0.00%,0,0.00,0,0,0.00,0.00,0.00%,0.00,Email,US,Internal,
Dec 20 2025 - Mar 20 2026,WW8ra6,JP_HakataHankyu_EC_013126,"5,171","5,165","3,320","2,671","2,477","2,069",51.71%,119,88,1.70%,2,2,0,6,0.04%,0.12%,0.00%,0,0.00,0,0,0.00,0.00,0.00%,0.00,Email,JP,#N/A,#N/A
Dec 20 2025 - Mar 20 2026,WYCqG7,US_Mainline_Outlet_Allen,"20,707","20,652","13,933","10,102","11,647","8,661",48.92%,154,118,0.57%,10,10,1,55,0.05%,0.27%,0.01%,2,1.00,2,1,339.00,169.50,0.01%,0.02,Email,US,Jill,25%
Dec 20 2025 - Mar 20 2026,WZB9wg,JP_YearEnd_202512_ECJP,"157,596","157,308","98,693","78,284","77,512","63,860",49.77%,"3,458","2,369",1.51%,21,21,1,288,0.01%,0.18%,0.00%,57,1.10,52,1,"2,882,543.75","50,570.94",0.03%,18.32,Email,JP,#N/A,#N/A
Dec 20 2025 - Mar 20 2026,WZN3dz,IT_Trigger_Marketing_Birthday_Dec2025_Reminder,339,337,259,185,176,138,54.90%,17,15,4.45%,0,0,0,2,0.00%,0.59%,0.00%,0,0.00,0,0,0.00,0.00,0.00%,0.00,Email,IT,#N/A,#N/A
Dec 20 2025 - Mar 20 2026,WcSdvJ,202603016_SpringEventRFNAEA,"300,531","299,734","181,234","142,973","150,657","123,432",47.70%,"12,172","8,047",2.69%,38,38,5,797,0.01%,0.27%,0.00%,487,1.22,398,1,"209,474.60",430.13,0.13%,0.70,Email,Other,#N/A,#N/A
Dec 20 2025 - Mar 20 2026,WeXmZJ,UK_Mainline_SaleAffinity_New,"50,201","50,032","31,964","22,393","25,234","18,422",44.76%,"2,568","1,947",3.89%,15,15,3,169,0.03%,0.34%,0.01%,30,1.03,29,1,"5,203.70",173.46,0.06%,0.10,Email,UK,#N/A,#N/A
Dec 20 2025 - Mar 20 2026,Wg5jRM,HK_Mainline_Masterlist,"489,918","483,915","428,521","327,232","355,485","279,405",67.62%,"6,546","3,765",0.78%,474,474,19,"6,003",0.10%,1.23%,0.00%,26,1.24,21,1,"13,490.00",518.85,0.00%,0.03,Email,HK,#N/A,#N/A
Dec 20 2025 - Mar 20 2026,WirgKm,US_Trigger_Marketing_Birthday_RONA_Feb2026_Reminder,"7,480","7,457","5,168","3,705","4,390","3,237",49.69%,106,68,0.91%,3,3,0,23,0.04%,0.31%,0.00%,2,1.00,2,1,374.10,187.05,0.03%,0.05,Email,US,Jill,50%
Dec 20 2025 - Mar 20 2026,Wizzcx,JP_Mainline_Masterlist_12222025Reminder,"241,894","241,363","142,527","115,399","115,197","96,547",47.81%,"6,652","4,259",1.77%,60,60,0,531,0.03%,0.22%,0.00%,64,1.00,64,1,"1,368,133.00","21,377.08",0.03%,5.67,Email,JP,#N/A,#N/A
Dec 20 2025 - Mar 20 2026,Wm249a,EmailTeam_SeedList,"1,006","1,005",242,182,20,19,18.11%,54,18,1.79%,0,0,0,1,0.00%,0.10%,0.00%,2,1.00,2,1,433.60,216.80,0.20%,0.43,Email,Other,#N/A,#N/A
Dec 20 2025 - Mar 20 2026,WmyqWE,US_Mainline_Sport_RTWAffinity,"4,563,206","4,433,843","3,083,608","2,223,586","2,506,507","1,858,055",50.15%,"80,915","58,143",1.31%,"1,402","1,402",298,"129,363",0.03%,2.84%,0.01%,1228,1.10,"1,112",1,"582,409.73",474.28,0.03%,0.13,Email,US,Jill,20%
Dec 20 2025 - Mar 20 2026,Wnq6zr,US_Mainline_SCP_15mi,"48,799","48,713","31,547","23,143","25,792","19,313",47.51%,327,250,0.51%,14,14,5,86,0.03%,0.18%,0.01%,3,1.00,3,1,707.20,235.73,0.01%,0.01,Email,US,Jill,25%
Dec 20 2025 - Mar 20 2026,Wpujr9,JP_UmedaHankyuBag_EC_013126,"12,806","12,794","8,135","6,553","5,999","5,036",51.22%,305,247,1.93%,3,3,0,12,0.02%,0.09%,0.00%,0,0.00,0,0,0.00,0.00,0.00%,0.00,Email,JP,#N/A,#N/A
Dec 20 2025 - Mar 20 2026,WqjxMh,JP_Mainline_Masterlist_022326Redeploy,"106,181","106,089","18,118","15,876","10,620","9,559",14.97%,"1,766","1,271",1.20%,106,106,0,92,0.10%,0.09%,0.00%,20,1.05,19,1,"712,287.00","35,614.35",0.02%,6.71,Email,JP,#N/A,#N/A
Dec 20 2025 - Mar 20 2026,WsnMjs,EU_Trigger_Marketing_Birthday_Feb2026_Reminder,480,480,409,250,309,202,52.08%,53,30,6.25%,0,0,0,0,0.00%,0.00%,0.00%,3,1.00,3,1,"1,425.07",475.02,0.63%,2.97,Email,EU,#N/A,#N/A
Dec 20 2025 - Mar 20 2026,WznMSM,US_Trigger_Marketing_Birthday_February2026_Reminder,"92,361","92,039","71,687","47,793","58,284","40,997",51.93%,"4,700","3,178",3.45%,16,16,4,322,0.02%,0.35%,0.00%,250,1.03,242,1,"63,975.05",255.90,0.26%,0.70,Email,US,Birthday,
Dec 20 2025 - Mar 20 2026,X2gqaZ,JP_Anniversary_12m_Reminder_January2026,"2,318","2,315","1,676","1,346","1,301","1,067",58.14%,59,39,1.69%,0,0,0,3,0.00%,0.13%,0.00%,0,0.00,0,0,0.00,0.00,0.00%,0.00,Email,JP,#N/A,#N/A
Dec 20 2025 - Mar 20 2026,X4bnRQ,FR_Trigger_Marketing_Birthday_Jan2026_SelfReported,290,290,271,160,152,116,55.17%,20,14,4.83%,0,0,0,0,0.00%,0.00%,0.00%,0,0.00,0,0,0.00,0.00,0.00%,0.00,Email,FR,#N/A,#N/A
Dec 20 2025 - Mar 20 2026,X6WkAR,SG_SeedList,130,120,82,59,56,51,49.17%,2,2,1.67%,0,0,0,10,0.00%,7.69%,0.00%,0,0.00,0,0,0.00,0.00,0.00%,0.00,Email,SG,#N/A,#N/A
Dec 20 2025 - Mar 20 2026,X6sTCN,FR_Mainline_Masterlist,"1,831,951","1,810,251","897,930","662,322","692,400","525,519",36.59%,"36,989","25,577",1.41%,901,901,136,"21,700",0.05%,1.19%,0.01%,214,1.02,210,1,"60,200.38",281.31,0.01%,0.03,Email,FR,#N/A,#N/A
Dec 20 2025 - Mar 20 2026,X7aNdK,US_Mainline_SandalsAffinity,"1,258,681","1,253,941","675,998","497,763","569,982","430,078",39.70%,"16,050","12,424",0.99%,185,185,59,"4,740",0.02%,0.38%,0.01%,211,1.08,196,1,"78,391.77",371.52,0.02%,0.06,Email,US,Jill,20%
Dec 20 2025 - Mar 20 2026,X8JZ8b,JP_Mainline_Masterlist_01112026Redeploy,"197,118","196,890","90,420","74,808","75,244","63,693",38.00%,"5,298","3,829",1.95%,24,24,0,228,0.01%,0.12%,0.00%,29,1.00,29,1,"754,545.00","26,018.79",0.01%,3.83,Email,JP,#N/A,#N/A
Dec 20 2025 - Mar 20 2026,XD6L3z,Theorem_JP_Tory_Sports,"12,427","12,411","9,724","7,627","6,768","5,663",61.45%,"1,315",822,6.62%,3,3,0,16,0.02%,0.13%,0.00%,4,1.00,4,1,"64,176.00","16,044.00",0.03%,5.17,Email,JP,#N/A,#N/A
Dec 20 2025 - Mar 20 2026,XDCCDV,JP_Anniversary_36m_Reminder_December2025,"1,288","1,287",907,746,736,621,57.96%,15,11,0.86%,0,0,0,1,0.00%,0.08%,0.00%,0,0.00,0,0,0.00,0.00,0.00%,0.00,Email,JP,#N/A,#N/A
Dec 20 2025 - Mar 20 2026,XGTyfa,JP_Mainline_Masterlist_021526Redeploy,"107,894","107,823","20,658","17,999","12,103","10,822",16.69%,"2,512","1,754",1.63%,49,49,0,71,0.05%,0.07%,0.00%,16,1.00,16,1,"339,178.00","21,198.63",0.01%,3.15,Email,JP,#N/A,#N/A
Dec 20 2025 - Mar 20 2026,XJrTgn,MO_SeedList,140,130,95,72,63,60,55.39%,0,0,0.00%,0,0,0,10,0.00%,7.14%,0.00%,0,0.00,0,0,0.00,0.00,0.00%,0.00,Email,MO,#N/A,#N/A
Dec 20 2025 - Mar 20 2026,XLHcb3,SG_Mainline_Masterlist,"189,617","187,846","170,462","124,065","137,818","102,842",66.05%,"4,027","2,943",1.57%,216,216,45,"1,771",0.12%,0.93%,0.02%,24,1.20,20,1,"15,255.00",635.63,0.01%,0.08,Email,SG,#N/A,#N/A
Dec 20 2025 - Mar 20 2026,XRvTYW,CA_Mainline_Outlet,"47,570","44,526","25,308","18,478","20,669","15,408",41.50%,545,315,0.71%,10,10,2,"3,044",0.02%,6.40%,0.00%,3,1.50,2,1,761.00,253.67,0.00%,0.02,Email,CA,#N/A,#N/A
Dec 20 2025 - Mar 20 2026,XRxWZU,JP_Anniversary_36m_March2026,"1,701","1,700","1,236",983,943,795,57.82%,74,51,3.00%,2,2,0,1,0.12%,0.06%,0.00%,0,0.00,0,0,0.00,0.00,0.00%,0.00,Email,JP,#N/A,#N/A
Dec 20 2025 - Mar 20 2026,XTaHUQ,JP_Birthday_Reminder_202601,"54,822","54,725","38,041","30,160","30,012","24,716",55.11%,978,660,1.21%,22,22,0,97,0.04%,0.18%,0.00%,9,1.00,9,1,"308,868.00","34,318.67",0.02%,5.64,Email,JP,#N/A,#N/A
Dec 20 2025 - Mar 20 2026,XU8BS4,EU_Trigger_Marketing_Birthday_Mar2026,523,521,461,295,317,228,56.62%,64,45,8.64%,1,1,0,2,0.19%,0.38%,0.00%,1,1.00,1,1,349.00,349.00,0.19%,0.67,Email,EU,#N/A,#N/A
Dec 20 2025 - Mar 20 2026,XYhXFm,JP_Anniversary_12m_Reminder_February2026,"2,105","2,103","1,389","1,124","1,083",895,53.45%,62,36,1.71%,0,0,0,2,0.00%,0.10%,0.00%,0,0.00,0,0,0.00,0.00,0.00%,0.00,Email,JP,#N/A,#N/A
Dec 20 2025 - Mar 20 2026,XbMMTx,UK_Trigger_Marketing_BounceBack_Feb2026_Control_Reminder,"8,003","7,987","5,626","4,072","4,354","3,276",50.98%,411,299,3.74%,1,1,0,16,0.01%,0.20%,0.00%,9,1.00,9,1,"2,418.45",268.72,0.11%,0.30,Email,UK,#N/A,#N/A
Dec 20 2025 - Mar 20 2026,XgUtZx,US_Mainline_Merrick_15mi,"41,950","41,838","27,447","20,138","23,230","17,403",48.13%,300,252,0.60%,13,13,4,112,0.03%,0.27%,0.01%,6,1.00,6,1,"2,241.45",373.58,0.01%,0.05,Email,US,Jill,25%
Dec 20 2025 - Mar 20 2026,Xgxd6f,US_Mainline_SanDiego_15mi,"30,598","30,507","19,261","14,606","16,450","12,733",47.88%,121,104,0.34%,5,5,1,91,0.02%,0.30%,0.00%,3,1.00,3,1,"1,227.00",409.00,0.01%,0.04,Email,US,Jill,25%
Dec 20 2025 - Mar 20 2026,XkLBpX,JP_Anniversary_24m_Reminder_December2025,"2,852","2,848","1,962","1,600","1,596","1,340",56.18%,32,29,1.02%,0,0,0,4,0.00%,0.14%,0.00%,0,0.00,0,0,0.00,0.00,0.00%,0.00,Email,JP,#N/A,#N/A
Dec 20 2025 - Mar 20 2026,Xpz7Pn,TW_SeedList,90,90,80,54,49,45,60.00%,3,2,2.22%,0,0,0,0,0.00%,0.00%,0.00%,0,0.00,0,0,0.00,0.00,0.00%,0.00,Email,TW,#N/A,#N/A
Dec 20 2025 - Mar 20 2026,XsJqys,US_Trigger_Marketing_Birthday_RONA_Jan2026_SelfReported,"4,465","4,446","3,614","2,324","2,735","1,877",52.27%,209,110,2.47%,3,3,1,19,0.07%,0.43%,0.02%,2,1.00,2,1,"1,047.00",523.50,0.04%,0.24,Email,US,Jill,50%
Dec 20 2025 - Mar 20 2026,Xtg53D,US_Mainline_RetailAffinity,"219,618","218,725","155,828","111,995","135,926","99,590",51.20%,"2,318","1,561",0.71%,135,135,26,893,0.06%,0.41%,0.01%,29,1.21,24,1,"9,209.25",317.56,0.01%,0.04,Email,US,Jill,25%
Dec 20 2025 - Mar 20 2026,XukZN4,FR_Trigger_Marketing_Birthday_Feb2026,294,293,252,159,157,109,54.27%,24,21,7.17%,0,0,0,1,0.00%,0.34%,0.00%,0,0.00,0,0,0.00,0.00,0.00%,0.00,Email,FR,#N/A,#N/A
Dec 20 2025 - Mar 20 2026,XwVKJX,US_Mainline_HighAurHBGAffinity,"1,261,199","1,258,268","794,197","597,634","656,807","505,130",47.50%,"19,776","15,690",1.25%,299,299,62,"2,931",0.02%,0.23%,0.01%,298,1.08,275,1,"98,268.35",329.76,0.02%,0.08,Email,US,Jill,25%
Dec 20 2025 - Mar 20 2026,XxHjrU,EU_Trigger_Marketing_Birthday_Dec2025_Reminder,485,485,396,272,280,210,56.08%,25,17,3.51%,0,0,0,0,0.00%,0.00%,0.00%,1,1.00,1,1,243.80,243.80,0.21%,0.50,Email,EU,#N/A,#N/A
Dec 20 2025 - Mar 20 2026,Y5KMsf,US_Mainline_Outlet_Woodbury,"36,306","36,217","23,195","16,869","19,645","14,587",46.58%,449,191,0.53%,8,8,2,89,0.02%,0.25%,0.01%,5,1.25,4,1,"1,140.80",228.16,0.01%,0.03,Email,US,Jill,25%
Dec 20 2025 - Mar 20 2026,Y5skak,US_Mainline_MiniBagsAffinity,"506,296","504,872","295,372","223,763","249,384","193,455",44.32%,"7,049","5,315",1.05%,166,166,23,"1,424",0.03%,0.28%,0.01%,146,1.11,132,1,"40,527.68",277.59,0.03%,0.08,Email,US,Jill,20%
Dec 20 2025 - Mar 20 2026,Y7CqMa,EU_Trigger_Marketing_Birthday_Jan2026_Reminder,521,519,508,313,333,236,60.31%,83,43,8.29%,1,1,0,2,0.19%,0.38%,0.00%,0,0.00,0,0,0.00,0.00,0.00%,0.00,Email,EU,#N/A,#N/A
Dec 20 2025 - Mar 20 2026,YARhpt,JP_Anniversary_24m_February2026,"1,870","1,868","1,607","1,177","1,135",904,63.01%,94,70,3.75%,1,1,0,2,0.05%,0.11%,0.00%,2,1.00,2,1,"74,670.00","37,335.00",0.11%,39.97,Email,JP,#N/A,#N/A
Dec 20 2025 - Mar 20 2026,Ybpukr,US_Mainline_SneakerAffinity,"782,694","733,366","498,269","360,308","409,828","303,331",49.13%,"17,818","13,085",1.78%,164,164,33,"49,328",0.02%,6.30%,0.00%,282,1.12,252,1,"88,215.27",312.82,0.03%,0.12,Email,US,Jill,20%
Dec 20 2025 - Mar 20 2026,YkZBph,US_Trigger_Marketing_Birthday_Jan2026_Remaining,"26,613","26,540","27,256","16,998","21,427","14,612",64.05%,"1,866","1,265",4.77%,1,1,0,73,0.00%,0.27%,0.00%,64,1.07,60,1,"14,586.00",227.91,0.23%,0.55,Email,US,Birthday,
Dec 20 2025 - Mar 20 2026,Yp6LYv,DE_Mainline_SaleAffinity_New,"17,222","17,183","11,768","8,423","9,076","6,720",49.02%,"1,381","1,047",6.09%,3,3,0,39,0.02%,0.23%,0.00%,25,1.04,24,1,"5,963.69",238.55,0.14%,0.35,Email,DE,#N/A,#N/A
Dec 20 2025 - Mar 20 2026,Ypqv3U,US_Mainline_NorthPark_15mi,"85,794","85,614","56,216","41,469","47,121","35,359",48.44%,717,531,0.62%,25,25,1,180,0.03%,0.21%,0.00%,11,1.22,9,1,"4,068.65",369.88,0.01%,0.05,Email,US,Jill,25%
Dec 20 2025 - Mar 20 2026,YqaZiA,JP_Anniversary_12m_March2026,"2,529","2,525","1,706","1,404","1,288","1,105",55.60%,120,83,3.29%,0,0,0,4,0.00%,0.16%,0.00%,1,1.00,1,1,"245,490.00","245,490.00",0.04%,97.22,Email,JP,#N/A,#N/A
Dec 20 2025 - Mar 20 2026,YrqyAD,JP_Bounceback_20260307_ECJP_Redeploy,"137,391","137,303","83,791","70,439","70,063","60,531",51.30%,"2,520","1,629",1.19%,23,23,0,88,0.02%,0.06%,0.00%,28,1.04,27,1,"1,296,299.00","46,296.39",0.02%,9.44,Email,JP,#N/A,#N/A
Dec 20 2025 - Mar 20 2026,YsdWdW,JP_Mainline_Masterlist_010226Reminder,"244,101","243,564","147,755","118,171","118,801","98,360",48.52%,"11,238","8,090",3.32%,72,72,1,537,0.03%,0.22%,0.00%,62,1.03,60,1,"1,233,660.00","19,897.74",0.02%,5.07,Email,JP,#N/A,#N/A
Dec 20 2025 - Mar 20 2026,YvRCGQ,US_Mainline_Employees,"12,087","12,021","11,616","7,852","1,864","1,632",65.32%,409,283,2.35%,0,0,0,66,0.00%,0.55%,0.00%,98,1.56,63,1,"23,144.87",236.17,0.52%,1.93,Email,US,Internal,
Dec 20 2025 - Mar 20 2026,YxYztv,US_Mainline_Outlet_Sawgrass,"27,352","27,275","16,155","11,696","13,149","9,689",42.88%,267,188,0.69%,8,8,1,77,0.03%,0.28%,0.00%,5,1.25,4,1,"1,142.40",228.48,0.01%,0.04,Email,US,Jill,25%
